<?xml version="1.0" encoding="UTF-8"?>
<project-private xmlns="http://www.netbeans.org/ns/project-private/1">
    <editor-bookmarks xmlns="http://www.netbeans.org/ns/editor-bookmarks/2" lastBookmarkId="0"/>
    <open-files xmlns="http://www.netbeans.org/ns/projectui-open-files/2">
        <group>
            <file>file:/C:/Users/victor.machado/Documents/NetBeansProjects/Estacionameto/src/models/Vaga.java</file>
            <file>file:/C:/Users/victor.machado/Documents/NetBeansProjects/Estacionameto/src/models/Estacionamento.java</file>
            <file>file:/C:/Users/victor.machado/Documents/NetBeansProjects/Estacionameto/src/utils/ArquivoUtil.java</file>
            <file>file:/C:/Users/victor.machado/Documents/NetBeansProjects/Estacionameto/src/tests/VagaTest.java</file>
            <file>file:/C:/Users/victor.machado/Documents/NetBeansProjects/Estacionameto/src/models/VagaRegular.java</file>
            <file>file:/C:/Users/victor.machado/Documents/NetBeansProjects/Estacionameto/src/utils/ClienteUtil.java</file>
            <file>file:/C:/Users/victor.machado/Documents/NetBeansProjects/Estacionameto/src/models/Cliente.java</file>
            <file>file:/C:/Users/victor.machado/Documents/NetBeansProjects/Estacionameto/src/models/Veiculo.java</file>
            <file>file:/C:/Users/victor.machado/Documents/NetBeansProjects/Estacionameto/src/models/Fatura.java</file>
            <file>file:/C:/Users/victor.machado/Documents/NetBeansProjects/Estacionameto/src/models/VagaIdoso.java</file>
            <file>file:/C:/Users/victor.machado/Documents/NetBeansProjects/Estacionameto/src/models/VagaVIP.java</file>
            <file>file:/C:/Users/victor.machado/Documents/NetBeansProjects/Estacionameto/src/main/EstacionamentoCLI.java</file>
        </group>
    </open-files>
</project-private>
